Changes made at Sat Aug  9 05:58:18 UTC 2025
Changes made at Thu Nov 20 13:42:43 UTC 2025
Changes made at Thu Nov 20 14:21:58 UTC 2025
Changes made at Thu Nov 20 16:28:53 UTC 2025
Changes made at Fri Nov 21 08:30:28 UTC 2025
Changes made at Fri Nov 21 10:22:43 UTC 2025
Changes made at Fri Nov 21 14:20:59 UTC 2025
Changes made at Fri Nov 21 16:27:06 UTC 2025
Changes made at Sat Nov 22 08:26:37 UTC 2025
Changes made at Sat Nov 22 10:20:16 UTC 2025
Changes made at Sat Nov 22 14:18:01 UTC 2025
Changes made at Sat Nov 22 16:24:40 UTC 2025
Changes made at Sun Nov 23 08:26:31 UTC 2025
Changes made at Sun Nov 23 10:20:42 UTC 2025
